id,	
<id>8457725</id>
<id>8441126</id>
<id>8477016</id>
<id>8480084</id>
<id>8464928</id>
<id>8416521</id>
<id>8421291</id>
<id>8415557</id>
<id>8408494</id>
<id>8465642</id>
<id>8416245</id>
<id>8414775</id>
<id>8467891</id>
<id>8482489</id>
<id>8414963</id>
<id>8464804</id>
<id>8470970</id>
<id>8385430</id>
<id>8432565</id>
<id>8455808</id>
<id>8432392</id>
<id>8415486</id>
<id>8460391</id>
<id>8423791</id>
<id>8430028</id>
<id>8477398</id>
<id>8437729</id>
<id>8419263</id>
<id>8481773</id>
<id>8468631</id>
<id>8441525</id>
<id>8471565</id>
<id>8431192</id>
<id>8431244</id>
<id>8431627</id>
<id>8449468</id>
<id>8479683</id>
<id>8406326</id>
<id>8429848</id>
<id>8474840</id>
<id>8466263</id>
<id>8431828</id>
<id>8410836</id>
<id>8466084</id>
<id>8471341</id>
<id>8470029</id>
<id>8470389</id>
<id>8431591</id>
<id>8455593</id>
<id>8412980</id>
<id>8470611</id>
<id>8471366</id>
<id>8448596</id>
<id>8481699</id>
<id>8457126</id>
<id>8446625</id>
<id>8471715</id>
<id>8434112</id>
<id>8487464</id>
<id>8430688</id>
<id>8470281</id>
<id>8472717</id>
<id>8465399</id>
<id>8483250</id>
<id>8445204</id>
<id>8470113</id>
<id>8458655</id>
<id>8421789</id>
<id>8489937</id>
<id>8465397</id>
<id>8465801</id>
<id>8465487</id>
<id>8461101</id>
<id>8461230</id>
<id>8481502</id>
<id>8469502</id>
<id>8469860</id>
<id>8459057</id>
<id>8413106</id>
<id>8428794</id>
<id>8429445</id>
<id>8425417</id>
<id>8473125</id>
<id>8440825</id>
<id>8426465</id>
<id>8419418</id>
<id>8435632</id>
<id>8477391</id>
<id>8473112</id>
<id>8419039</id>
<id>8465242</id>
<id>8465915</id>
<id>8405772</id>
<id>8451519</id>
<id>8472296</id>
<id>8431097</id>
<id>8434030</id>
<id>8470677</id>
<id>8406176</id>
<id>8483935</id>
